{
  "model/models.js": 1615218896429,
  "controller/MainV.controller.js": 1615218896424,
  "manifest.json": 1615218896428,
  "i18n/i18n.properties": 1615218896426,
  "Component.js": 1615218896422,
  "manifest-bundle.zip": 1615280596859,
  "Component-preload.js": 1615280597158,
  "Component-dbg.js": 1615218896422,
  "controller/MainV-dbg.controller.js": 1615218896424,
  "model/models-dbg.js": 1615218896429,
  "view/MainV.view.xml": 1615221183555,
  "css/style.css": 1615218896425,
  "index.html": 1615218896426
}